pais,iso3,prevalencia_diabetes_pct,prevalencia_2011_pct,poblacion_rural_pct,gasto_bolsillo_salud_pct,pib_per_capita_usd,poblacion_65mas_pct,cambio_2011_2024_pp
Afghanistan,AFG,11.7,7.6,74.06,77.14,417.0,2.43,4.1
Albania,ALB,10.6,2.8,41.13,48.27,12998.0,17.62,7.8
Algeria,DZA,17.5,7.0,24.18,45.0,6051.0,6.81,10.5
Andorra,AND,10.1,5.4,11.05,11.15,54292.0,16.56,4.7
Angola,AGO,4.9,2.9,28.54,32.55,3129.0,2.89,2.0
Antigua and Barbuda,ATG,11.6,12.5,75.67,20.81,24819.0,12.34,-0.9
Argentina,ARG,14.0,5.5,7.65,24.47,14898.0,12.63,8.5
Armenia,ARM,7.7,8.5,34.07,80.47,9474.0,14.44,-0.8
Australia,AUS,7.4,6.6,12.28,15.85,65130.0,18.09,0.8
Austria,AUT,5.4,6.6,30.28,16.46,62930.0,21.09,-1.2
Azerbaijan,AZE,10.2,2.8,41.36,64.63,7411.0,9.17,7.4
Bahamas,BHS,8.9,12.1,18.67,27.48,39455.0,12.09,-3.2
Bahrain,BHR,22.1,19.5,0.0,28.66,30597.0,4.02,2.6
Bangladesh,BGD,13.2,10.5,66.76,79.31,2597.0,6.67,2.7
Barbados,BRB,13.2,12.4,40.3,49.49,28365.0,17.09,0.8
Belarus,BLR,5.1,8.0,20.51,28.48,10279.0,18.28,-2.9
Belgium,BEL,5.9,4.8,12.33,21.51,60750.0,20.96,1.1
Belize,BLZ,14.1,17.0,58.44,26.78,7865.0,5.23,-2.9
Benin,BEN,8.1,2.0,46.64,42.41,1658.0,3.15,6.1
Bhutan,BTN,12.0,5.7,56.57,25.46,4493.0,6.63,6.3
Bolivia,BOL,3.4,6.6,28.44,27.32,5148.0,5.74,-3.2
Bosnia and Herzegovina,BIH,10.3,7.5,47.31,30.96,10382.0,22.86,2.8
Botswana,BWA,4.6,10.8,32.04,4.26,7778.0,4.08,-6.2
Brazil,BRA,10.6,10.1,11.82,26.23,10713.0,11.48,0.5
Brunei,BRN,13.7,9.4,24.99,7.41,32235.0,7.24,4.3
Bulgaria,BGR,7.4,6.7,25.83,35.5,20328.0,22.24,0.7
Burkina Faso,BFA,4.5,3.0,71.08,43.82,1148.0,2.68,1.5
Burundi,BDI,4.3,2.7,74.31,24.49,234.0,2.55,1.6
Cambodia,KHM,7.5,2.9,58.89,60.6,2872.0,6.38,4.6
Cameroon,CMR,6.9,6.1,44.33,67.65,1972.0,2.82,0.8
Canada,CAN,7.7,8.4,17.12,15.28,55698.0,20.26,-0.7
Cape Verde,CPV,6.8,5.4,22.37,25.74,5796.0,7.15,1.4
Central African Republic,CAF,7.6,3.2,55.45,45.02,556.0,2.2,4.4
Chad,TCD,7.3,3.9,72.43,51.68,1022.0,2.12,3.4
Chile,CHL,12.2,9.5,10.82,39.15,17995.0,14.59,2.7
China,CHN,11.9,8.8,33.66,32.17,13862.0,14.91,3.1
Colombia,COL,8.4,9.8,21.22,14.74,8562.0,10.2,-1.4
Comoros,COM,10.8,8.4,66.06,56.57,2056.0,4.45,2.4
Congo,COG,8.1,5.5,35.88,27.97,2515.0,3.06,2.6
Costa Rica,CRI,9.8,9.6,20.27,24.13,19970.0,12.75,0.2
Cote d'Ivoire,CIV,5.0,4.9,45.45,31.99,3050.0,2.65,0.1
Croatia,HRV,10.5,5.2,42.19,9.38,27104.0,23.61,5.3
Cuba,CUB,9.4,9.4,22.77,16.58,9605.0,17.04,0.0
Cyprus,CYP,10.0,9.3,33.3,17.94,41783.0,14.93,0.7
Czechia,CZE,7.6,5.3,27.12,14.06,35917.0,21.18,2.3
Democratic Republic of Congo,COD,7.7,3.1,54.89,38.0,807.0,3.08,4.6
Denmark,DNK,6.4,5.6,11.15,13.87,76970.0,21.12,0.8
Djibouti,DJI,6.5,6.3,27.02,28.84,3906.0,4.97,0.2
Dominica,DMA,12.9,8.9,26.01,29.33,10989.0,13.2,4.0
Dominican Republic,DOM,17.6,8.1,27.48,25.06,11059.0,8.19,9.5
East Timor,TLS,3.2,7.5,71.21,6.99,1341.0,5.23,-4.3
Ecuador,ECU,4.9,6.6,36.61,30.89,7125.0,8.6,-1.7
Egypt,EGY,22.4,16.6,57.1,57.2,3086.0,5.27,5.8
El Salvador,SLV,12.7,9.4,24.48,32.49,5767.0,8.31,3.3
Equatorial Guinea,GNQ,8.2,4.2,28.42,65.98,6615.0,3.76,4.0
Eritrea,ERI,4.4,3.6,65.46,48.45,689.0,4.26,0.8
Estonia,EST,6.9,7.0,29.28,21.38,34418.0,21.8,-0.1
Eswatini,SWZ,7.9,3.1,73.28,11.02,4108.0,4.35,4.8
Ethiopia,ETH,4.4,3.4,75.89,46.27,933.0,3.3,1.0
Fiji,FJI,16.6,10.9,40.46,8.31,6642.0,6.63,5.7
Finland,FIN,6.9,5.8,25.48,14.09,56149.0,24.2,1.1
France,FRA,6.5,5.4,21.16,9.23,48986.0,22.54,1.1
Gabon,GAB,8.5,10.3,7.91,17.27,8263.0,4.13,-1.8
Gambia,GMB,5.5,2.0,35.01,33.78,919.0,3.18,3.5
Georgia,GEO,6.7,2.8,38.82,58.76,9692.0,15.99,3.9
Germany,DEU,7.8,5.3,17.86,10.71,60496.0,23.7,2.5
Ghana,GHA,2.7,5.0,41.08,26.68,3257.0,3.79,-2.3
Greece,GRC,8.0,5.1,20.78,34.3,26948.0,24.4,2.9
Grenada,GRD,11.3,8.6,63.33,48.48,12107.0,12.63,2.7
Guatemala,GTM,13.2,9.3,43.7,57.18,6598.0,4.96,3.9
Guinea,GIN,4.6,4.4,61.48,54.42,1877.0,3.47,0.2
Guinea-Bissau,GNB,4.8,3.0,53.35,61.56,1124.0,3.24,1.8
Guyana,GUY,16.4,16.7,73.51,26.33,32414.0,6.98,-0.3
Haiti,HTI,8.5,6.6,44.39,52.4,2694.0,4.79,1.9
Honduras,HND,5.0,6.7,40.75,53.06,3598.0,4.54,-1.7
Hungary,HUN,8.3,6.0,29.31,23.06,25907.0,21.16,2.3
Iceland,ISL,6.9,3.2,5.78,14.88,98323.0,15.98,3.7
India,IND,10.5,9.0,64.31,43.89,2702.0,7.38,1.5
Indonesia,IDN,11.3,5.1,40.61,31.08,5060.0,7.54,6.2
Iran,IRN,9.0,11.1,22.62,43.15,3924.0,8.58,-2.1
Iraq,IRQ,13.4,9.1,30.06,53.98,5410.0,3.45,4.3
Ireland,IRL,3.6,5.2,35.41,10.61,131592.0,16.21,-1.6
Israel,ISR,10.1,7.4,8.42,20.49,60337.0,12.69,2.7
Italy,ITA,7.7,5.1,30.32,22.31,43309.0,25.1,2.6
Jamaica,JAM,12.5,15.7,40.57,20.25,8003.0,8.58,-3.2
Japan,JPN,8.1,7.7,7.7,12.24,35951.0,29.99,0.4
Jordan,JOR,20.5,12.1,6.79,34.47,5348.0,4.75,8.4
Kazakhstan,KAZ,6.8,7.7,37.61,27.64,14692.0,9.0,-0.9
Kenya,KEN,3.1,5.1,67.79,24.25,2363.0,3.02,-2.0
Kiribati,KIR,24.6,25.3,36.61,2.91,2559.0,4.38,-0.7
Kuwait,KWT,25.6,20.7,0.0,10.0,32312.0,3.17,4.9
Kyrgyzstan,KGZ,7.6,6.3,65.25,42.26,3081.0,5.97,1.3
Laos,LAO,6.7,3.3,59.69,44.84,2325.0,4.81,3.4
Latvia,LVA,7.1,7.8,31.37,35.06,26312.0,22.2,-0.7
Lebanon,LBN,12.3,19.6,9.04,29.7,4473.0,10.44,-7.3
Lesotho,LSO,6.2,3.4,55.33,13.2,1089.0,3.88,2.8
Liberia,LBR,9.2,3.3,43.92,63.24,915.0,3.33,5.9
Libya,LBY,15.8,13.8,12.09,19.18,6449.0,5.19,2.0
Liechtenstein,LIE,7.2,4.7,85.37,19.72,220167.0,21.38,2.5
Lithuania,LTU,7.5,7.8,30.92,31.43,32959.0,20.72,-0.3
Luxembourg,LUX,5.8,4.5,5.12,8.5,147252.0,15.81,1.3
Madagascar,MDG,4.6,4.7,67.1,27.42,599.0,3.47,-0.1
Malawi,MWI,5.7,5.6,82.41,12.0,672.0,2.59,0.1
Malaysia,MYS,21.1,12.1,22.61,37.09,13125.0,8.03,9.0
Maldives,MDV,9.5,9.2,57.49,18.05,14615.0,4.96,0.3
Mali,MLI,4.8,1.9,67.79,47.23,1193.0,2.36,2.9
Malta,MLT,10.0,6.6,4.32,30.93,47907.0,20.54,3.4
Marshall Islands,MHL,25.7,21.8,20.89,1.05,8489.0,4.88,3.9
Mauritania,MRT,5.2,4.3,38.51,43.77,2198.0,3.25,0.9
Mauritius,MUS,20.1,14.8,60.96,45.24,12991.0,14.11,5.3
Mexico,MEX,16.4,15.6,19.96,41.24,13889.0,8.52,0.8
Micronesia (country),FSM,19.2,15.7,77.52,2.58,4414.0,6.18,3.5
Moldova,MDA,6.3,2.7,56.27,27.47,8622.0,16.86,3.6
Monaco,MCO,6.9,5.6,0.0,8.45,288002.0,36.01,1.3
Mongolia,MNG,10.3,7.1,28.85,48.8,7108.0,5.43,3.2
Montenegro,MNE,10.7,7.7,34.39,26.33,14817.0,18.29,3.0
Morocco,MAR,11.9,6.8,36.87,37.25,4672.0,8.45,5.1
Mozambique,MOZ,3.0,3.1,62.79,10.37,627.0,2.73,-0.1
Myanmar,MMR,6.7,7.1,69.42,71.13,1489.0,7.52,-0.4
Namibia,NAM,5.3,7.8,49.13,7.49,4876.0,3.79,-2.5
Nauru,NRU,21.8,20.4,0.0,0.73,14640.0,3.01,1.4
Nepal,NPL,7.7,3.6,33.0,59.39,1536.0,6.62,4.1
Netherlands,NLD,5.0,5.3,4.06,11.79,73684.0,20.87,-0.3
New Zealand,NZL,6.7,8.6,16.0,12.69,49591.0,17.61,-1.9
Nicaragua,NIC,10.4,11.0,40.56,37.63,3173.0,5.7,-0.6
Niger,NER,4.1,4.2,81.63,51.48,775.0,2.62,-0.1
Nigeria,NGA,3.0,4.8,36.22,71.9,1224.0,3.07,-1.8
North Macedonia,MKD,7.4,7.7,37.11,39.57,10490.0,18.52,-0.3
Norway,NOR,4.8,4.7,16.43,13.69,94594.0,19.08,0.1
Oman,OMN,17.0,10.5,20.52,6.31,19947.0,2.69,6.5
Pakistan,PAK,31.4,7.9,60.47,52.93,1596.0,4.36,23.5
Palau,PLW,19.3,11.1,20.72,12.1,19532.0,11.83,8.2
Palestine,PSE,15.5,9.2,12.62,42.07,3171.0,3.85,6.3
Panama,PAN,11.1,9.4,33.85,40.46,19790.0,9.66,1.7
Papua New Guinea,PNG,14.1,7.6,84.22,8.55,3020.0,3.59,6.5
Paraguay,PRY,9.4,6.5,29.61,36.32,7027.0,6.72,2.9
Peru,PER,6.4,6.0,14.4,26.98,9684.0,9.47,0.4
Philippines,PHL,7.5,9.7,44.23,44.36,4171.0,5.72,-2.2
Poland,POL,8.1,9.0,39.91,16.21,28420.0,20.75,-0.9
Portugal,PRT,10.5,9.6,38.5,28.19,32082.0,24.94,0.9
Qatar,QAT,24.6,19.8,0.64,7.43,72525.0,1.7,4.8
Romania,ROU,7.5,7.7,47.83,22.96,22538.0,20.14,-0.2
Russia,RUS,5.9,9.7,24.75,28.39,17547.0,17.79,-3.8
Rwanda,RWA,2.1,3.1,69.09,4.1,1124.0,4.02,-1.0
Saint Kitts and Nevis,KNA,13.8,8.5,68.1,41.8,25223.0,11.72,5.3
Saint Lucia,LCA,11.4,8.4,70.9,37.14,14746.0,9.96,3.0
Saint Vincent and the Grenadines,VCT,8.6,8.8,52.02,26.57,12562.0,12.25,-0.2
Samoa,WSM,25.4,7.7,82.49,13.42,5873.0,6.07,17.7
San Marino,SMR,8.6,5.5,2.81,13.09,59871.0,23.15,3.1
Sao Tome and Principe,STP,12.1,5.5,30.83,16.66,4084.0,3.94,6.6
Saudi Arabia,SAU,23.1,19.6,15.39,14.12,34537.0,3.06,3.5
Senegal,SEN,3.8,3.2,44.23,44.33,1955.0,3.65,0.6
Serbia,SRB,10.5,7.7,37.36,32.14,15262.0,23.05,2.8
Seychelles,SYC,9.3,12.1,54.52,27.96,19449.0,8.75,-2.8
Sierra Leone,SLE,4.8,3.2,54.07,54.47,846.0,3.28,1.6
Singapore,SGP,11.4,9.5,0.0,25.42,98814.0,14.21,1.9
Slovakia,SVK,7.1,5.7,46.81,20.15,28544.0,19.04,1.4
Slovenia,SVN,7.0,7.5,44.01,11.74,37376.0,22.21,-0.5
Solomon Islands,SLB,12.0,15.3,68.69,3.16,2086.0,3.67,-3.3
Somalia,SOM,5.8,4.3,44.86,30.78,661.0,2.62,1.5
South Africa,ZAF,7.2,7.0,36.18,6.69,6598.0,6.89,0.2
South Korea,KOR,9.6,7.5,18.83,33.74,36227.0,20.33,2.1
South Sudan,SSD,4.6,,78.32,27.14,1080.0,3.08,
Spain,ESP,9.7,6.3,19.49,20.86,38627.0,21.64,3.4
Sri Lanka,LKA,10.2,7.5,79.55,54.81,5002.0,12.47,2.7
Sudan,SDN,19.0,8.6,65.07,57.37,1165.0,3.39,10.4
Suriname,SUR,13.8,8.9,34.21,19.72,7070.0,8.19,4.9
Sweden,SWE,5.8,4.2,10.92,13.38,63133.0,20.91,1.6
Switzerland,CHE,5.3,5.9,14.27,22.03,114769.0,20.43,-0.6
Syria,SYR,19.0,9.9,27.92,72.4,1057.0,4.84,9.1
Tajikistan,TJK,8.0,6.3,73.84,62.36,1637.0,4.07,1.7
Tanzania,TZA,9.8,2.8,63.12,27.93,1319.0,3.04,7.0
Thailand,THA,10.2,7.5,37.2,9.93,8057.0,16.02,2.7
Togo,TGO,4.8,3.3,55.61,64.34,1384.0,3.48,1.5
Tonga,TON,19.6,12.7,78.84,5.86,6547.0,6.85,6.9
Trinidad and Tobago,TTO,12.4,12.7,46.03,45.27,18967.0,12.93,-0.3
Tunisia,TUN,16.0,9.5,29.3,37.94,4657.0,9.94,6.5
Turkey,TUR,16.5,7.9,10.51,19.05,18599.0,10.57,8.6
Turkmenistan,TKM,7.1,2.7,52.89,77.39,6540.0,4.81,4.4
Tuvalu,TUV,19.0,19.2,34.55,0.04,6041.0,7.04,-0.2
Uganda,UGA,2.2,2.8,68.06,32.17,1206.0,2.23,-0.6
Ukraine,UKR,6.0,2.9,30.4,45.29,5866.0,18.97,3.1
United Arab Emirates,ARE,20.7,18.8,14.04,9.67,50274.0,1.79,1.9
United Kingdom,GBR,7.4,5.2,16.68,14.56,57602.0,19.7,2.2
United States,USA,13.7,9.4,19.81,10.93,90027.0,18.39,4.3
Uruguay,URY,7.8,5.7,4.35,17.1,25216.0,16.28,2.1
Uzbekistan,UZB,7.5,6.4,48.98,64.06,3968.0,6.07,1.1
Vanuatu,VUT,19.7,16.1,77.68,8.38,4039.0,4.38,3.6
Venezuela,VEN,8.6,10.2,10.68,29.69,3495.0,10.02,-1.6
Vietnam,VNM,3.4,3.2,61.17,39.2,5066.0,9.49,0.2
Yemen,YEM,5.5,9.6,62.97,69.13,634.0,2.55,-4.1
Zambia,ZMB,10.3,4.8,54.08,10.29,1318.0,2.0,5.5
Zimbabwe,ZWE,1.5,9.8,59.5,10.63,3021.0,3.56,-8.3
