Indicador,Estados Unidos (CDC BRFSS),Argentina (ENFR / INDEC)
N unidades territoriales,51 estados (50 + D.C.),24 jurisdicciones (23 + CABA)
Población representada,~320 millones (441.456 enc.),~44 millones (urbana 18+ años)
Prevalencia media diabetes,"10.2% (desv. est. 1,8%)","13.0% (desv. est. 2,3%)"
Rango de prevalencia,6.8% (Colorado) – 14.8% (Misisipi),8.8% (CABA) – 17.3% (San Luis)
Prevalencia media obesidad,"29.3% (20,2% a 35,6%)","26.7% (17,0% a 34,4%)"
Prevalencia sedentarismo,"25.8% (17,9% a 34,2%)","46.2% (23,2% a 69,1%)"
Población sin seguro médico,"11.0% (6,0% a 17,1%)","37.3% (16,3% a 55,9%)"
Tasa de screening glucémico,>85% (control rutinario masivo),"Media 74,8% (60,3% Chaco a 92,9% CABA)"
Brecha de tratamiento activo,Barrera de costo económico / seguro,"Media 54,4% (32,7% La Pampa a 70,0% Santa Cruz)"
