Entity,Code,Year,Diabetes prevalence (% of population ages 20 to 79)
Afghanistan,AFG,2011,7.6
Afghanistan,AFG,2024,11.7
Albania,ALB,2011,2.8
Albania,ALB,2024,10.6
Algeria,DZA,2011,7
Algeria,DZA,2024,17.5
Andorra,AND,2011,5.4
Andorra,AND,2024,10.1
Angola,AGO,2011,2.9
Angola,AGO,2024,4.9
Antigua and Barbuda,ATG,2011,12.5
Antigua and Barbuda,ATG,2024,11.6
Argentina,ARG,2011,5.5
Argentina,ARG,2024,14
Armenia,ARM,2011,8.5
Armenia,ARM,2024,7.7
Aruba,ABW,2000,12.1
Aruba,ABW,2011,12.4
Aruba,ABW,2024,4.6
Australia,AUS,2000,0
Australia,AUS,2011,6.6
Australia,AUS,2024,7.4
Austria,AUT,2011,6.6
Austria,AUT,2024,5.4
Azerbaijan,AZE,2011,2.8
Azerbaijan,AZE,2024,10.2
Bahamas,BHS,2011,12.1
Bahamas,BHS,2024,8.9
Bahrain,BHR,2000,14.8
Bahrain,BHR,2011,19.5
Bahrain,BHR,2024,22.1
Bangladesh,BGD,2011,10.5
Bangladesh,BGD,2024,13.2
Barbados,BRB,2000,13.2
Barbados,BRB,2011,12.4
Barbados,BRB,2024,13.2
Belarus,BLR,2011,8
Belarus,BLR,2024,5.1
Belgium,BEL,2011,4.8
Belgium,BEL,2024,5.9
Belize,BLZ,2011,17
Belize,BLZ,2024,14.1
Benin,BEN,2011,2
Benin,BEN,2024,8.1
Bermuda,BMU,2000,12.1
Bermuda,BMU,2011,12
Bermuda,BMU,2024,13.4
Bhutan,BTN,2011,5.7
Bhutan,BTN,2024,12
Bolivia,BOL,2011,6.6
Bolivia,BOL,2024,3.4
Bosnia and Herzegovina,BIH,2011,7.5
Bosnia and Herzegovina,BIH,2024,10.3
Botswana,BWA,2011,10.8
Botswana,BWA,2024,4.6
Brazil,BRA,2011,10.1
Brazil,BRA,2024,10.6
Brunei,BRN,2011,9.4
Brunei,BRN,2024,13.7
Bulgaria,BGR,2011,6.7
Bulgaria,BGR,2024,7.4
Burkina Faso,BFA,2011,3
Burkina Faso,BFA,2024,4.5
Burundi,BDI,2011,2.7
Burundi,BDI,2024,4.3
Cambodia,KHM,2011,2.9
Cambodia,KHM,2024,7.5
Cameroon,CMR,2000,0
Cameroon,CMR,2011,6.1
Cameroon,CMR,2024,6.9
Canada,CAN,2011,8.4
Canada,CAN,2024,7.7
Cape Verde,CPV,2011,5.4
Cape Verde,CPV,2024,6.8
Cayman Islands,CYM,2000,12.1
Cayman Islands,CYM,2011,12
Cayman Islands,CYM,2024,11.1
Central African Republic,CAF,2011,3.2
Central African Republic,CAF,2024,7.6
Chad,TCD,2011,3.9
Chad,TCD,2024,7.3
Chile,CHL,2011,9.5
Chile,CHL,2024,12.2
China,CHN,2011,8.8
China,CHN,2024,11.9
Colombia,COL,2011,9.8
Colombia,COL,2024,8.4
Comoros,COM,2011,8.4
Comoros,COM,2024,10.8
Congo,COG,2011,5.5
Congo,COG,2024,8.1
Costa Rica,CRI,2011,9.6
Costa Rica,CRI,2024,9.8
Cote d'Ivoire,CIV,2011,4.9
Cote d'Ivoire,CIV,2024,5
Croatia,HRV,2011,5.2
Croatia,HRV,2024,10.5
Cuba,CUB,2011,9.4
Cuba,CUB,2024,9.4
Curacao,CUW,2024,13.4
Cyprus,CYP,2011,9.3
Cyprus,CYP,2024,10
Czechia,CZE,2000,11.7
Czechia,CZE,2011,5.3
Czechia,CZE,2024,7.6
Democratic Republic of Congo,COD,2011,3.1
Democratic Republic of Congo,COD,2024,7.7
Denmark,DNK,2011,5.6
Denmark,DNK,2024,6.4
Djibouti,DJI,2011,6.3
Djibouti,DJI,2024,6.5
Dominica,DMA,2011,8.9
Dominica,DMA,2024,12.9
Dominican Republic,DOM,2011,8.1
Dominican Republic,DOM,2024,17.6
East Asia and Pacific (WB),WB_EAP,2011,8.024907
East Asia and Pacific (WB),WB_EAP,2024,10.86519
East Timor,TLS,2011,7.5
East Timor,TLS,2024,3.2
Ecuador,ECU,2011,6.6
Ecuador,ECU,2024,4.9
Egypt,EGY,2011,16.6
Egypt,EGY,2024,22.4
El Salvador,SLV,2011,9.4
El Salvador,SLV,2024,12.7
Equatorial Guinea,GNQ,2011,4.2
Equatorial Guinea,GNQ,2024,8.2
Eritrea,ERI,2011,3.6
Eritrea,ERI,2024,4.4
Estonia,EST,2011,7
Estonia,EST,2024,6.9
Eswatini,SWZ,2011,3.1
Eswatini,SWZ,2024,7.9
Ethiopia,ETH,2011,3.4
Ethiopia,ETH,2024,4.4
Europe and Central Asia (WB),WB_ECA,2011,6.544432
Europe and Central Asia (WB),WB_ECA,2024,7.9950247
European Union (27),OWID_EU27,2011,6.0174417
European Union (27),OWID_EU27,2024,7.5629854
Faroe Islands,FRO,2024,5.3
Fiji,FJI,2011,10.9
Fiji,FJI,2024,16.6
Finland,FIN,2011,5.8
Finland,FIN,2024,6.9
France,FRA,2011,5.4
France,FRA,2024,6.5
French Polynesia,PYF,2011,8.6
French Polynesia,PYF,2024,22.8
Gabon,GAB,2011,10.3
Gabon,GAB,2024,8.5
Gambia,GMB,2011,2
Gambia,GMB,2024,5.5
Georgia,GEO,2011,2.8
Georgia,GEO,2024,6.7
Germany,DEU,2011,5.3
Germany,DEU,2024,7.8
Ghana,GHA,2011,5
Ghana,GHA,2024,2.7
Greece,GRC,2011,5.1
Greece,GRC,2024,8
Greenland,GRL,2024,4.3
Grenada,GRD,2000,12.1
Grenada,GRD,2011,8.6
Grenada,GRD,2024,11.3
Guam,GUM,2011,8.6
Guam,GUM,2024,20.3
Guatemala,GTM,2011,9.3
Guatemala,GTM,2024,13.2
Guinea,GIN,2011,4.4
Guinea,GIN,2024,4.6
Guinea-Bissau,GNB,2011,3
Guinea-Bissau,GNB,2024,4.8
Guyana,GUY,2011,16.7
Guyana,GUY,2024,16.4
Haiti,HTI,2011,6.6
Haiti,HTI,2024,8.5
High-income countries,OWID_HIC,2011,7.9781036
High-income countries,OWID_HIC,2024,9.728285
Honduras,HND,2011,6.7
Honduras,HND,2024,5
Hong Kong,HKG,2000,12.1
Hong Kong,HKG,2011,7.6
Hong Kong,HKG,2024,8.2
Hungary,HUN,2011,6
Hungary,HUN,2024,8.3
Iceland,ISL,2011,3.2
Iceland,ISL,2024,6.9
India,IND,2011,9
India,IND,2024,10.5
Indonesia,IDN,2011,5.1
Indonesia,IDN,2024,11.3
Iran,IRN,2011,11.1
Iran,IRN,2024,9
Iraq,IRQ,2011,9.1
Iraq,IRQ,2024,13.4
Ireland,IRL,2011,5.2
Ireland,IRL,2024,3.6
Isle of Man,IMN,2024,7.5
Israel,ISR,2011,7.4
Israel,ISR,2024,10.1
Italy,ITA,2011,5.1
Italy,ITA,2024,7.7
Jamaica,JAM,2011,15.7
Jamaica,JAM,2024,12.5
Japan,JPN,2011,7.7
Japan,JPN,2024,8.1
Jordan,JOR,2011,12.1
Jordan,JOR,2024,20.5
Kazakhstan,KAZ,2011,7.7
Kazakhstan,KAZ,2024,6.8
Kenya,KEN,2011,5.1
Kenya,KEN,2024,3.1
Kiribati,KIR,2011,25.3
Kiribati,KIR,2024,24.6
Kosovo,OWID_KOS,2024,10.4
Kuwait,KWT,2011,20.7
Kuwait,KWT,2024,25.6
Kyrgyzstan,KGZ,2011,6.3
Kyrgyzstan,KGZ,2024,7.6
Laos,LAO,2011,3.3
Laos,LAO,2024,6.7
Latin America and Caribbean (WB),WB_LAC,2011,10.270707
Latin America and Caribbean (WB),WB_LAC,2024,11.309895
Latvia,LVA,2011,7.8
Latvia,LVA,2024,7.1
Lebanon,LBN,2011,19.6
Lebanon,LBN,2024,12.3
Lesotho,LSO,2011,3.4
Lesotho,LSO,2024,6.2
Liberia,LBR,2011,3.3
Liberia,LBR,2024,9.2
Libya,LBY,2011,13.8
Libya,LBY,2024,15.8
Liechtenstein,LIE,2011,4.7
Liechtenstein,LIE,2024,7.2
Lithuania,LTU,2011,7.8
Lithuania,LTU,2024,7.5
Low-income countries,OWID_LIC,2011,4.9926147
Low-income countries,OWID_LIC,2024,7.1303077
Lower-middle-income countries,OWID_LMC,2011,8.403201
Lower-middle-income countries,OWID_LMC,2024,11.536529
Luxembourg,LUX,2011,4.5
Luxembourg,LUX,2024,5.8
Macao,MAC,2011,7.2
Macao,MAC,2024,8.1
Madagascar,MDG,2011,4.7
Madagascar,MDG,2024,4.6
Malawi,MWI,2011,5.6
Malawi,MWI,2024,5.7
Malaysia,MYS,2011,12.1
Malaysia,MYS,2024,21.1
Maldives,MDV,2011,9.2
Maldives,MDV,2024,9.5
Mali,MLI,2011,1.9
Mali,MLI,2024,4.8
Malta,MLT,2011,6.6
Malta,MLT,2024,10
Marshall Islands,MHL,2011,21.8
Marshall Islands,MHL,2024,25.7
Mauritania,MRT,2011,4.3
Mauritania,MRT,2024,5.2
Mauritius,MUS,2000,15
Mauritius,MUS,2011,14.8
Mauritius,MUS,2024,20.1
Mexico,MEX,2000,14.2
Mexico,MEX,2011,15.6
Mexico,MEX,2024,16.4
Micronesia (country),FSM,2011,15.7
Micronesia (country),FSM,2024,19.2
"Middle East, North Africa, Afghanistan and Pakistan (WB)",WB_MENAP,2011,10.722551
"Middle East, North Africa, Afghanistan and Pakistan (WB)",WB_MENAP,2024,20.136911
Moldova,MDA,2011,2.7
Moldova,MDA,2024,6.3
Monaco,MCO,2011,5.6
Monaco,MCO,2024,6.9
Mongolia,MNG,2011,7.1
Mongolia,MNG,2024,10.3
Montenegro,MNE,2011,7.7
Montenegro,MNE,2024,10.7
Morocco,MAR,2011,6.8
Morocco,MAR,2024,11.9
Mozambique,MOZ,2011,3.1
Mozambique,MOZ,2024,3
Myanmar,MMR,2011,7.1
Myanmar,MMR,2024,6.7
Namibia,NAM,2011,7.8
Namibia,NAM,2024,5.3
Nauru,NRU,2011,20.4
Nauru,NRU,2024,21.8
Nepal,NPL,2011,3.6
Nepal,NPL,2024,7.7
Netherlands,NLD,2011,5.3
Netherlands,NLD,2024,5
New Caledonia,NCL,2011,8.6
New Caledonia,NCL,2024,22
New Zealand,NZL,2011,8.6
New Zealand,NZL,2024,6.7
Nicaragua,NIC,2011,11
Nicaragua,NIC,2024,10.4
Niger,NER,2011,4.2
Niger,NER,2024,4.1
Nigeria,NGA,2011,4.8
Nigeria,NGA,2024,3
North America (WB),WB_NA,2011,9.297802
North America (WB),WB_NA,2024,13.03526
North Korea,PRK,2011,8.4
North Korea,PRK,2024,9.9
North Macedonia,MKD,2011,7.7
North Macedonia,MKD,2024,7.4
Norway,NOR,2011,4.7
Norway,NOR,2024,4.8
Oman,OMN,2011,10.5
Oman,OMN,2024,17
Pakistan,PAK,2000,11.8
Pakistan,PAK,2011,7.9
Pakistan,PAK,2024,31.4
Palau,PLW,2011,11.1
Palau,PLW,2024,19.3
Palestine,PSE,2011,9.2
Palestine,PSE,2024,15.5
Panama,PAN,2011,9.4
Panama,PAN,2024,11.1
Papua New Guinea,PNG,2000,15.5
Papua New Guinea,PNG,2011,7.6
Papua New Guinea,PNG,2024,14.1
Paraguay,PRY,2011,6.5
Paraguay,PRY,2024,9.4
Peru,PER,2011,6
Peru,PER,2024,6.4
Philippines,PHL,2011,9.7
Philippines,PHL,2024,7.5
Poland,POL,2011,9
Poland,POL,2024,8.1
Portugal,PRT,2011,9.6
Portugal,PRT,2024,10.5
Puerto Rico,PRI,2011,13
Puerto Rico,PRI,2024,10.9
Qatar,QAT,2011,19.8
Qatar,QAT,2024,24.6
Romania,ROU,2011,7.7
Romania,ROU,2024,7.5
Russia,RUS,2011,9.7
Russia,RUS,2024,5.9
Rwanda,RWA,2011,3.1
Rwanda,RWA,2024,2.1
Saint Kitts and Nevis,KNA,2000,12.1
Saint Kitts and Nevis,KNA,2011,8.5
Saint Kitts and Nevis,KNA,2024,13.8
Saint Lucia,LCA,2011,8.4
Saint Lucia,LCA,2024,11.4
Saint Vincent and the Grenadines,VCT,2011,8.8
Saint Vincent and the Grenadines,VCT,2024,8.6
Samoa,WSM,2011,7.7
Samoa,WSM,2024,25.4
San Marino,SMR,2011,5.5
San Marino,SMR,2024,8.6
Sao Tome and Principe,STP,2011,5.5
Sao Tome and Principe,STP,2024,12.1
Saudi Arabia,SAU,2011,19.6
Saudi Arabia,SAU,2024,23.1
Senegal,SEN,2011,3.2
Senegal,SEN,2024,3.8
Serbia,SRB,2011,7.7
Serbia,SRB,2024,10.5
Seychelles,SYC,2011,12.1
Seychelles,SYC,2024,9.3
Sierra Leone,SLE,2011,3.2
Sierra Leone,SLE,2024,4.8
Singapore,SGP,2011,9.5
Singapore,SGP,2024,11.4
Slovakia,SVK,2011,5.7
Slovakia,SVK,2024,7.1
Slovenia,SVN,2011,7.5
Slovenia,SVN,2024,7
Solomon Islands,SLB,2011,15.3
Solomon Islands,SLB,2024,12
Somalia,SOM,2011,4.3
Somalia,SOM,2024,5.8
South Africa,ZAF,2011,7
South Africa,ZAF,2024,7.2
South Asia (WB),WB_SA,2011,9.031659
South Asia (WB),WB_SA,2024,10.717349
South Korea,KOR,2011,7.5
South Korea,KOR,2024,9.6
South Sudan,SSD,2024,4.6
Spain,ESP,2011,6.3
Spain,ESP,2024,9.7
Sri Lanka,LKA,2011,7.5
Sri Lanka,LKA,2024,10.2
Sub-Saharan Africa (WB),WB_SSA,2011,4.5182395
Sub-Saharan Africa (WB),WB_SSA,2024,5.560671
Sudan,SDN,2011,8.6
Sudan,SDN,2024,19
Suriname,SUR,2011,8.9
Suriname,SUR,2024,13.8
Sweden,SWE,2011,4.2
Sweden,SWE,2024,5.8
Switzerland,CHE,2011,5.9
Switzerland,CHE,2024,5.3
Syria,SYR,2011,9.9
Syria,SYR,2024,19
Tajikistan,TJK,2011,6.3
Tajikistan,TJK,2024,8
Tanzania,TZA,2011,2.8
Tanzania,TZA,2024,9.8
Thailand,THA,2011,7.5
Thailand,THA,2024,10.2
Togo,TGO,2011,3.3
Togo,TGO,2024,4.8
Tonga,TON,2000,11.5
Tonga,TON,2011,12.7
Tonga,TON,2024,19.6
Trinidad and Tobago,TTO,2000,14.1
Trinidad and Tobago,TTO,2011,12.7
Trinidad and Tobago,TTO,2024,12.4
Tunisia,TUN,2011,9.5
Tunisia,TUN,2024,16
Turkey,TUR,2011,7.9
Turkey,TUR,2024,16.5
Turkmenistan,TKM,2011,2.7
Turkmenistan,TKM,2024,7.1
Tuvalu,TUV,2011,19.2
Tuvalu,TUV,2024,19
Uganda,UGA,2011,2.8
Uganda,UGA,2024,2.2
Ukraine,UKR,2011,2.9
Ukraine,UKR,2024,6
United Arab Emirates,ARE,2011,18.8
United Arab Emirates,ARE,2024,20.7
United Kingdom,GBR,2011,5.2
United Kingdom,GBR,2024,7.4
United States,USA,2011,9.4
United States,USA,2024,13.7
United States Virgin Islands,VIR,2011,12.1
United States Virgin Islands,VIR,2024,9.1
Upper-middle-income countries,OWID_UMC,2011,8.450077
Upper-middle-income countries,OWID_UMC,2024,11.361864
Uruguay,URY,2011,5.7
Uruguay,URY,2024,7.8
Uzbekistan,UZB,2011,6.4
Uzbekistan,UZB,2024,7.5
Vanuatu,VUT,2011,16.1
Vanuatu,VUT,2024,19.7
Venezuela,VEN,2011,10.2
Venezuela,VEN,2024,8.6
Vietnam,VNM,2011,3.2
Vietnam,VNM,2024,3.4
World,OWID_WRL,2011,8.140748
World,OWID_WRL,2024,10.797842
Yemen,YEM,2011,9.6
Yemen,YEM,2024,5.5
Zambia,ZMB,2011,4.8
Zambia,ZMB,2024,10.3
Zimbabwe,ZWE,2011,9.8
Zimbabwe,ZWE,2024,1.5